{"enc_time": 10328.69050002098, "calc_ssim_psnr_time": 18930.274223089218, "calc_stats_time": 626.3153731822968}