{"enc_time": 10305.963809251785, "calc_ssim_psnr_time": 18724.849546670914, "calc_stats_time": 633.6967916488647}