{"enc_time": 18436.95044183731, "calc_ssim_psnr_time": 14087.504006624222, "calc_stats_time": 763.3605999946594}