{"enc_time": 10384.684904813766, "calc_ssim_psnr_time": 18429.91210579872, "calc_stats_time": 609.7152826786041}