{"enc_time": 24051.319535970688, "calc_ssim_psnr_time": 7947.46523976326, "calc_stats_time": 1129.7467617988586}