{"enc_time": 18063.561592578888, "calc_ssim_psnr_time": 14126.14519739151, "calc_stats_time": 752.522221326828}