{"enc_time": 10340.442986488342, "calc_ssim_psnr_time": 18514.349012374878, "calc_stats_time": 625.8790557384491}