{"enc_time": 9452.241881847382, "calc_ssim_psnr_time": 15830.831443309784, "calc_stats_time": 592.3141841888428}