{"enc_time": 11066.112349033356, "calc_ssim_psnr_time": 19435.101522684097, "calc_stats_time": 615.1532373428345}