{"enc_time": 10276.900630950928, "calc_ssim_psnr_time": 19123.43643260002, "calc_stats_time": 632.1021549701691}