{"enc_time": 11151.257744789124, "calc_ssim_psnr_time": 18028.569076538086, "calc_stats_time": 610.41712641716}